item,qty,spec,supplier,unit_cost_usd,make_buy,notes
1,1,"Spine plate: 6082-T6 aluminium plate 5 mm, profile cut 175 x 185 mm with two chain slots, two eyes, pin hole and lightening hole",Local fabricator (waterjet or plasma cutting),8.00,make,Drawing TKB-DWG-101; also the web of the chain cleat. Price basis: 0.3 kg of 6082 plate at about USD 8/kg plus a cutting charge (TKB-DDR-003)
2,2,"Bearing bars: 6082-T6 aluminium rectangular hollow section 50 x 40 x 3 mm, 175 long, mitred at one end, 3 mm end cap at the other",Aluminium stockist,4.00,make,Drawing TKB-DWG-103; no vent hole needed (not galvanised). Price basis: 0.27 kg of 6082 tube at about USD 9/kg plus cutting (TKB-DDR-003)
3,4,"Eye doubler rings: 6082-T6 aluminium, 50 mm outside, 22 mm bore, 4 mm thick",Local steel fabricator,1.00,make,"Drawing TKB-DWG-102; two each side of each eye. Price basis: cut from 4 mm plate offcut, mostly cutting (TKB-DDR-003)"
4,2,"Cleat cheeks: 6082-T6 aluminium plate 8 mm, 60 x 55 mm, two 22 mm notches and an 8.5 mm pin hole",Local steel fabricator,2.00,make,Drawing TKB-DWG-104. Price basis: 8 mm plate offcut plus cutting (TKB-DDR-003)
5,1,"TIG welding (AC, ER5356 filler) and abrasive cleaning of the aluminium frame weldment, about 1.0 kg; no galvanising",Local fabricator with an AC TIG welder,45.00,make,"Drawing TKB-DWG-105; service cost. Price basis: about 1.5 h of skilled TIG welding at local shop rates, filler and gas (TKB-DDR-003)"
6,2,"Rubber bark pads: natural rubber sheet with one fabric ply, 10 mm, 60 to 70 Shore A, cut 155 x 50 mm",Industrial rubber dealer,3.00,make,Drawing TKB-DWG-106
7,4,"Pad screws: M6 x 30 countersunk stainless A2, each in an M6 countersunk-head stainless rivet nut set in the bar face",Fastener dealer,0.90,buy,Heads sunk 3 mm below the rubber face; rivet nuts set with barrier paste against galvanic corrosion. Price basis: screw about USD 0.40 plus rivet nut about USD 0.50 (TKB-DDR-003)
8,1,"Contact adhesive for rubber to aluminium (polychloroprene), 250 ml",Hardware store,4.00,buy,For the pads
9,1,"Keeper: S275 steel sheet 3 mm, cut cross-shaped and bent, zinc plated",Local steel fabricator,3.00,make,Drawing TKB-DWG-107; legs 21 mm apart inside
10,1,"Lock pin: ball-lock pin 8 mm, stainless, 27 mm grip, button head, with a 300 mm stainless lanyard",Industrial fastener supplier,18.00,buy,"Lanyard to the keeper; grip matches the 27 mm stack of keeper, cheeks and web (TKB-DDR-003)"
11,1,"Chain: grade 80 alloy chain 6 mm, 110 links (about 1.98 m), working load limit 1.12 t, minimum breaking force 45 kN, with certificate",Lifting and rigging supplier,36.00,buy,Drawing TKB-DWG-108 (cut to length by the supplier; never weld or heat it)
12,1,"Master link, grade 80, for 6 mm chain",Lifting and rigging supplier,8.00,buy,On the end of the adjustable tail (handle)
13,1,"Connecting link, grade 80, 6 mm",Lifting and rigging supplier,5.00,buy,Joins the master link to the chain
14,1,"Tether quick link: 8 mm steel screw-gate quick link (maillon), zinc plated",Lifting and rigging supplier,3.00,buy,Fixed chain end to the spare eye
15,1,"Chain sleeve: 50 mm (2 in) tubular nylon webbing, 600 mm, ends heat-sealed",Climbing or rescue supplier,4.00,make,Drawing TKB-DWG-109
16,3,"Carabiners: aluminium alloy, screw-gate locking, EN 362 class B or equal, 25 kN major axis",Rope rescue equipment supplier,15.00,buy,"Load eye, brake redirect, victim connector (packed pre-rigged with the victim set)"
17,1,"Auto-locking rope descender with anti-panic function, for 10.5 to 11.5 mm rope, rated for a one-person rescue load (EN 341 class A or EN 12841 type C, or equal)",Rope rescue equipment supplier,280.00,buy,Specification not brand; follow the maker's instructions
18,30,"Lowering rope: 11 mm semi-static kernmantle, EN 1891 type A or equal, sold per metre",Rope rescue equipment supplier,3.50,buy,30 m; figure-eight loop at the victim end and a stopper knot at the other
19,1,"Evacuation triangle, EN 1498 class B or equal",Rope rescue equipment supplier,140.00,buy,Fitted round the victim's hips; packed pre-rigged with its two waist loops on the victim carabiner (TKB-DDR-003)
20,1,"Chest sling: 120 cm sewn sling, 22 kN",Climbing or rescue supplier,12.00,buy,Keeps the victim's head up once the feet are freed; packed with one end on the victim carabiner
21,1,Rope and carry bag: 35 l rope bag with shoulder straps and a clip loop,Climbing or rescue supplier,45.00,buy,"Holds the rope and the pre-rigged victim set; hauled up on the tag line, then lowered to the ground before the lowering"
22,55,"Tag line: 4 mm polyester accessory cord, about 11 g/m, sold per metre",Climbing or rescue supplier,0.35,buy,55 m runs doubled from the ground through the micro pulley (2 x 25 m plus 5 m); ends heat-sealed. Price basis: retail 4 mm cord at about USD 0.35/m (TKB-DDR-003)
23,1,"Micro pulley for 4 to 8 mm cord, with a small screw-gate carabiner",Climbing or rescue supplier,20.00,buy,On the rescuer's harness; the helpers haul the bag through it. Price basis: retail micro pulley class about USD 15 plus a light carabiner (TKB-DDR-003)
